Time,Sensor1
0.76,17
100.77,17
100.78,16
100.8,17
100.81,18
100.82,18
100.83,17
100.85,17
100.86,18
100.87,16
100.88,17
100.9,17
100.91,18
100.92,18
100.93,16
100.95,17
100.96,18
100.97,17
100.98,17
101.0,17
101.01,17
101.02,17
101.03,17
101.05,17
101.06,17
101.07,17
101.08,18
101.1,18
101.11,17
101.12,17
101.13,17
101.15,18
101.16,16
101.17,17
101.18,17
101.2,18
101.21,18
101.22,17
101.23,17
101.25,18
101.26,18
101.27,18
101.28,16
101.3,17
101.31,17
101.32,19
101.33,18
101.34,16
101.36,17
101.37,18
101.38,17
101.39,16
101.41,17
101.42,16
101.43,18
101.44,17
101.46,16
101.47,16
101.48,18
101.49,18
101.51,17
101.52,16
101.53,17
101.54,18
101.56,18
101.57,17
101.58,17
101.59,17
101.61,18
101.62,18
101.63,16
101.64,17
101.66,17
101.67,17
101.68,18
101.69,17
101.71,17
101.72,17
101.73,18
101.74,18
101.76,16
101.77,17
101.78,18
101.79,18
101.81,18
101.82,17
101.83,17
101.84,17
101.86,18
101.87,18
101.88,17
101.89,16
101.91,17
101.92,17
101.93,18
101.94,18
101.96,16
101.97,17
101.98,18
101.99,18
102.01,18
102.02,17
102.03,17
102.04,18
102.06,18
102.07,18
102.08,16
102.09,17
102.11,18
102.12,19
102.13,18
102.14,16
102.16,16
102.17,18
102.18,18
102.19,18
102.21,17
102.22,17
102.23,17
102.24,17
102.26,18
102.27,18
102.28,18
102.29,17
102.31,17
102.32,16
102.33,18
102.34,18
102.36,18
102.37,17
102.38,16
102.39,17
102.41,17
102.42,19
102.43,16
102.44,16
102.46,16
102.47,16
102.48,18
102.49,19
102.51,17
102.52,18
102.53,16
102.54,16
102.56,17
102.57,18
102.58,18
102.59,18
102.61,17
102.62,16
102.63,16
102.64,18
102.66,18
102.67,18
102.68,18
102.69,17
102.71,16
102.72,18
102.73,17
102.74,17
102.76,17
102.77,16
102.78,17
102.79,16
102.81,18
102.82,18
102.83,16
102.84,17
102.86,16
102.87,17
102.88,18
102.89,18
102.9,16
102.92,17
102.93,17
102.94,18
102.95,19
102.97,17
102.98,16
102.99,16
103.0,17
103.02,18
103.03,18
103.04,17
103.05,16
103.07,16
103.08,17
103.09,18
103.1,18
103.12,17
103.13,16
103.14,17
103.15,18
103.17,18
103.18,17
103.19,17
103.2,17
103.22,16
103.23,17
103.24,17
103.25,18
103.27,17
103.28,17
103.29,17
103.3,16
103.32,17
103.33,18
103.34,18
103.35,18
103.37,16
103.38,17
103.39,17
103.4,19
103.42,18
103.43,17
103.44,16
103.45,16
103.47,17
103.48,18
103.49,18
103.5,17
103.52,17
103.53,16
103.54,17
103.55,18
103.57,18
103.58,17
103.59,17
103.6,17
103.62,16
103.63,17
103.64,18
103.65,18
103.67,17
103.68,17
103.69,17
103.7,18
103.72,19
103.73,18
103.74,17
103.75,17
103.77,17
103.78,18
103.79,18
103.8,17
103.82,17
103.83,16
103.84,16
103.85,16
103.87,16
103.88,17
103.89,18
103.9,17
103.92,18
103.93,16
103.94,17
103.95,17
103.97,18
103.98,18
103.99,17
104.0,16
104.02,16
104.03,17
104.04,17
104.05,18
104.07,18
104.08,17
104.09,18
104.1,16
104.12,16
104.13,17
104.14,17
104.15,18
104.17,18
104.18,16
104.19,16
104.2,16
104.22,17
104.23,18
104.24,18
104.25,18
104.27,16
104.28,16
104.29,17
104.3,18
104.32,18
104.33,18
104.34,17
104.35,16
104.37,17
104.38,18
104.39,18
104.4,18
104.42,18
104.43,17
104.44,17
104.45,18
104.46,18
104.48,18
104.49,17
104.5,17
104.51,17
104.53,17
104.54,18
104.55,18
104.56,18
104.58,17
104.59,17
104.6,16
104.61,17
104.63,18
104.64,17
104.65,17
104.66,17
115.52,21
115.53,21
115.55,21
115.56,22
115.57,22
115.58,22
115.6,22
115.61,23
115.62,23
115.63,22
115.65,22
115.66,22
115.67,21
115.68,22
115.7,22
115.71,22
115.72,22
115.73,23
115.75,22
115.76,23
115.77,22
115.78,22
115.8,22
115.81,23
115.82,23
115.83,23
115.85,23
115.86,22
115.87,23
115.88,22
115.9,22
115.91,22
115.92,21
115.93,21
115.95,20
115.96,21
115.97,21
115.98,21
116.0,22
116.01,23
116.02,23
116.03,22
116.05,23
116.06,22
116.07,22
116.08,21
116.1,21
116.11,21
116.12,21
116.13,22
116.15,23
116.16,23
116.17,23
116.18,22
116.2,21
116.21,21
116.22,21
116.23,21
116.25,21
116.26,22
116.27,22
116.28,22
116.3,23
116.31,23
116.32,22
116.33,21
116.35,21
116.36,21
116.37,21
116.38,21
116.4,22
116.41,22
116.42,21
116.43,21
116.45,21
116.46,21
116.47,21
116.48,21
116.5,22
116.51,22
116.52,22
116.53,21
116.55,21
116.56,21
116.57,21
116.58,22
116.6,22
116.61,21
116.62,21
116.63,21
116.65,21
116.66,21
116.67,21
116.68,22
116.7,22
116.71,21
116.72,21
116.73,21
116.75,22
116.76,23
116.77,23
116.78,21
116.8,20
116.81,21
116.82,22
116.83,22
116.85,22
116.86,22
116.87,21
116.88,21
116.9,21
116.91,23
116.92,22
116.93,21
116.94,21
116.96,22
116.97,22
116.98,22
116.99,22
117.01,20
117.02,21
117.03,21
117.04,21
117.06,23
117.07,22
117.08,21
117.09,21
117.11,21
117.12,22
117.13,23
117.14,21
117.16,21
117.17,20
117.18,21
117.19,22
117.21,22
117.22,21
117.23,21
117.24,21
117.26,21
117.27,22
117.28,22
117.29,21
117.31,21
117.32,21
117.33,21
117.34,23
117.36,22
117.37,22
117.38,21
117.39,21
117.41,22
117.42,22
117.43,22
117.44,21
117.46,21
117.47,21
117.48,22
117.49,23
117.51,22
117.52,21
117.53,20
117.54,21
117.56,22
117.57,22
117.58,22
117.59,22
117.61,20
117.62,21
117.63,21
117.64,23
117.66,22
117.67,21
117.68,21
117.69,21
117.71,22
117.72,22
117.73,21
117.74,21
117.76,22
117.77,23
117.78,22
117.79,20
117.81,21
117.82,22
117.83,22
117.84,22
117.86,22
117.87,21
117.88,21
117.89,21
117.91,22
117.92,22
117.93,20
117.94,21
117.96,22
117.97,22
117.98,22
117.99,22
118.01,20
118.02,21
118.03,22
118.04,23
118.06,22
118.07,21
118.08,21
118.09,21
118.11,21
118.12,22
118.13,22
118.14,21
118.16,21
118.17,21
118.18,21
118.19,22
118.21,22
118.22,21
118.23,20
118.24,21
118.26,22
118.27,23
118.28,21
118.29,21
118.31,21
118.32,21
118.33,21
118.34,22
118.36,22
118.37,21
118.38,21
118.39,21
118.41,22
118.42,23
118.43,23
118.44,22
118.46,20
118.47,21
118.48,21
118.49,22
118.5,22
118.52,21
118.53,21
118.54,21
118.55,22
118.57,23
118.58,22
118.59,21
118.6,21
118.62,22
118.63,22
118.64,22
118.65,21
118.67,20
118.68,22
118.69,22
118.7,22
118.72,21
118.73,20
118.74,21
118.75,21
118.77,22
118.78,22
118.79,21
118.8,21
118.82,21
118.83,22
118.84,22
118.85,22
118.87,21
118.88,21
118.89,21
118.9,22
118.92,22
118.93,21
118.94,21
118.95,22
118.97,22
118.98,22
118.99,21
119.0,20
119.02,21
119.03,22
119.04,24
119.05,21
119.07,20
119.08,21
119.09,22
119.1,22
119.12,21
119.13,21
119.14,21
119.15,22
119.17,22
119.18,22
119.19,21
119.2,21
119.22,22
119.23,22
119.24,22
119.25,22
119.27,21
119.28,21
119.29,21
119.3,23
119.32,21
119.33,20
119.34,21
119.35,22
119.37,22
119.38,22
119.39,22
119.4,20
119.42,22
119.43,22
119.44,22
119.45,21
119.47,21
119.48,21
119.49,21
119.5,22
119.52,22
119.53,21
119.54,21
119.55,21
119.57,22
119.58,22
119.59,21
119.6,21
119.62,20
119.63,21
119.64,22
119.65,22
119.67,22
119.68,21
119.69,21
119.7,20
119.72,21
119.73,22
119.74,22
119.75,21
119.77,21
119.78,21
119.79,21
119.8,23
119.82,21
119.83,21
119.84,20
119.85,21
119.87,22
119.88,21
119.89,21
119.9,21
119.92,20
119.93,21
119.94,22
119.95,21
119.97,20
119.98,21
119.99,22
120.0,22
120.02,22
120.03,21
120.04,20
120.05,21
120.06,22
120.08,21
120.09,20
120.1,21
120.11,22
120.13,22
120.14,21
120.15,21
120.16,23
120.18,17
120.19,17
120.2,17
120.21,16
120.23,17
120.24,16
120.25,18
120.26,16
120.28,17
120.29,16
120.3,18
120.31,16
120.33,16
120.34,17
120.35,17
120.36,18
120.38,16
120.39,17
120.4,17
120.41,16
120.43,18
120.44,16
120.45,17
120.46,17
120.48,16
120.49,17
120.5,16
120.51,17
120.53,17
120.54,16
120.55,17
120.56,18
120.58,16
120.59,17
120.6,17
120.61,16
120.63,17
120.64,17
120.65,16
120.66,16
120.68,17
120.69,16
120.7,16
120.71,17
120.73,17
120.74,16
120.75,18
120.76,16
120.78,16
120.79,18
120.8,16
120.81,16
120.83,17
120.84,17
120.85,17
120.86,17
120.88,17
120.89,16
120.9,17
120.91,18
120.93,17
120.94,17
120.95,18
120.96,18
120.98,16
120.99,16
121.0,17
121.01,17
121.03,16
121.04,17
121.05,17
121.06,16
121.08,18
121.09,18
121.1,17
121.11,16
121.13,17
121.14,17
121.15,16
121.16,16
121.18,17
121.19,17
121.2,17
121.21,16
121.23,18
121.24,16
121.25,17
121.26,17
121.28,18
121.29,16
121.3,17
121.31,17
121.33,18
121.34,16
121.35,17
121.36,17
121.38,18
121.39,17
121.4,16
121.41,17
121.43,18
121.44,17
121.45,17
121.46,16
121.48,18
121.49,17
121.5,17
121.51,16
121.53,16
121.54,17
121.55,17
121.56,16
121.58,17
121.59,18
121.6,17
121.61,17
121.62,17
121.64,18
121.65,17
121.66,16
121.67,17
121.69,17
121.7,18
121.71,16
121.72,16
121.74,18
121.75,18
121.76,16
121.77,16
121.79,17
121.8,18
121.81,16
121.82,17
121.84,16
121.85,16
121.86,18
121.87,17
121.89,16
121.9,16
121.91,17
121.92,18
121.94,16
121.95,16
121.96,16
121.97,17
121.99,18
122.0,17
122.01,16
122.02,16
122.04,17
122.05,18
122.06,17
122.07,16
122.09,16
122.1,17
122.11,19
122.12,18
122.14,16
122.15,17
122.16,17
122.17,18
122.19,17
122.2,17
122.21,17
122.22,18
122.24,18
122.25,17
122.26,17
122.27,18
122.29,18
122.3,17
122.31,17
122.32,17
122.34,18
122.35,17
122.36,17
122.37,17
122.39,18
122.4,17
122.41,17
122.42,17
122.44,17
122.45,18
122.46,17
122.47,17
122.49,17
122.5,18
122.51,19
122.52,16
122.54,16
122.55,18
122.56,18
122.57,18
122.59,18
122.6,17
122.61,17
122.62,17
133.83,16
133.84,17
133.86,17
133.87,17
133.88,17
133.89,17
133.91,18
133.92,16
133.93,16
133.94,17
133.96,18
133.97,16
133.98,16
133.99,16
134.01,17
134.02,17
134.03,17
134.04,16
134.06,18
134.07,16
134.08,16
134.09,17
134.1,18
134.12,16
134.13,16
134.14,16
134.15,17
134.17,17
134.18,16
134.19,16
134.2,16
134.22,17
134.23,18
134.24,17
134.25,16
134.27,17
134.28,17
134.29,17
134.3,16
134.32,16
134.33,16
134.34,18
134.35,17
134.37,16
134.38,16
134.39,16
134.4,18
134.42,17
134.43,17
134.44,16
134.45,17
134.47,17
134.48,17
134.49,17
134.5,17
134.52,17
134.53,17
134.54,17
134.55,16
134.57,18
134.58,17
134.59,16
134.6,16
134.62,16
134.63,17
134.64,17
134.65,17
134.67,16
134.68,16
134.69,17
134.7,16
134.72,17
134.73,18
134.74,16
134.75,16
134.77,17
134.78,18
134.79,18
134.8,16
134.82,16
134.83,18
134.84,17
134.85,17
134.87,16
134.88,16
134.89,17
134.9,17
134.92,16
134.93,17
134.94,17
134.95,16
134.97,17
134.98,17
134.99,17
135.0,17
135.02,18
135.03,16
135.04,16
135.05,17
135.07,18
135.08,16
135.09,16
135.1,17
135.12,18
135.13,18
135.14,17
135.15,16
135.17,19
135.18,23
135.19,22
135.2,21
135.22,20
135.23,21
135.24,21
135.25,22
135.27,21
135.28,21
135.29,22
135.3,22
135.32,22
135.33,22
135.34,22
135.35,22
135.37,21
135.38,21
135.39,22
135.4,22
135.42,22
135.43,22
135.44,21
135.45,22
135.47,21
135.48,20
135.49,21
135.5,21
135.52,20
135.53,20
135.54,21
135.55,21
135.57,21
135.58,21
135.59,21
135.6,22
135.62,21
135.63,22
135.64,22
135.65,22
135.66,22
135.68,22
135.69,22
135.7,22
135.71,22
135.73,22
135.74,22
135.75,21
135.76,20
135.78,20
135.79,21
135.8,20
135.81,21
135.83,21
135.84,22
135.85,22
135.86,22
135.88,22
135.89,22
135.9,22
135.91,21
135.93,22
135.94,22
135.95,21
135.96,21
135.98,22
135.99,22
136.0,22
136.01,22
136.03,22
136.04,21
136.05,21
136.06,20
136.08,21
136.09,21
136.1,22
136.11,22
136.13,23
136.14,22
136.15,21
136.16,21
136.18,21
136.19,21
136.2,21
136.21,22
136.23,23
136.24,22
136.25,21
136.26,21
136.28,21
136.29,21
136.3,22
136.31,23
136.33,23
136.34,22
136.35,21
136.36,21
136.38,22
136.39,22
136.4,22
136.41,23
136.43,21
136.44,21
136.45,20
136.46,21
136.48,22
136.49,22
136.5,21
136.51,21
136.53,21
136.54,22
136.55,22
136.56,22
136.58,21
136.59,21
136.6,21
136.61,22
136.63,22
136.64,22
136.65,22
136.66,21
136.68,21
136.69,22
136.7,22
136.71,21
136.73,21
136.74,21
136.75,21
136.76,22
136.78,22
136.79,21
136.8,21
136.81,21
136.83,21
136.84,22
136.85,22
136.86,21
136.88,21
136.89,21
136.9,22
136.91,22
136.93,21
136.94,22
136.95,20
136.96,22
136.98,22
136.99,22
137.0,22
137.01,21
137.03,21
137.04,22
137.05,22
137.06,23
137.08,21
137.09,20
137.1,22
137.11,22
137.13,22
137.14,21
137.15,21
137.16,22
137.18,22
137.19,22
137.2,21
137.21,21
137.22,21
137.24,23
137.25,22
137.26,21
137.27,21
137.29,22
137.3,22
137.31,21
137.32,21
137.34,22
137.35,22
137.36,21
137.37,21
137.39,21
137.4,22
137.41,22
137.42,21
137.44,21
137.45,20
137.46,21
137.47,22
137.49,21
137.5,21
137.51,22
137.52,23
137.54,22
137.55,21
137.56,22
137.57,22
137.59,22
137.6,21
137.61,21
137.62,21
137.64,22
137.65,22
137.66,21
137.67,20
137.69,22
137.7,22
137.71,21
137.72,21
137.74,21
137.75,22
137.76,21
137.77,21
137.79,21
137.8,21
137.81,22
137.82,22
137.84,21
137.85,20
137.86,21
137.87,23
137.89,22
137.9,21
137.91,21
137.92,22
137.94,22
137.95,21
137.96,21
137.97,21
137.99,22
138.0,22
138.01,21
138.02,20
138.04,22
138.05,22
138.06,22
138.07,20
138.09,21
138.1,23
138.11,21
138.12,21
138.14,21
138.15,21
138.16,22
138.17,21
138.19,21
138.2,21
138.21,21
138.22,23
138.24,21
138.25,20
138.26,21
138.27,22
138.29,22
138.3,21
138.31,21
138.32,21
138.34,22
138.35,22
138.36,21
138.37,20
138.39,21
138.4,22
138.41,22
138.42,21
138.44,20
138.45,21
138.46,21
138.47,22
138.49,22
138.5,20
138.51,20
138.52,21
138.54,23
138.55,22
138.56,21
138.57,21
138.59,21
138.6,22
138.61,22
138.62,22
138.64,20
138.65,20
138.66,22
138.67,22
138.69,21
138.7,21
138.71,22
138.72,22
138.74,22
138.75,21
138.76,21
138.77,22
138.78,22
138.8,21
138.81,20
138.82,20
138.83,22
138.85,22
138.86,20
138.87,21
138.88,22
138.9,22
138.91,21
138.92,21
138.93,21
138.95,22
138.96,21
138.97,21
138.98,20
139.0,21
139.01,23
139.02,21
139.03,21
139.05,21
139.06,22
139.07,22
139.08,21
139.1,21
139.11,21
139.12,22
139.13,21
139.15,21
139.16,21
139.17,21
139.18,23
139.2,21
139.21,20
139.22,22
139.23,22
139.25,21
139.26,21
139.27,22
139.28,22
139.3,21
139.31,21
139.32,21
139.33,22
139.35,22
139.36,21
139.37,20
139.38,21
139.4,23
139.41,21
139.42,20
139.43,22
139.45,22
139.46,21
139.47,20
139.48,21
139.5,22
139.51,21
139.52,21
139.53,21
139.55,21
139.56,22
139.57,21
139.58,20
139.6,21
139.61,23
139.62,21
139.63,21
139.65,21
139.66,23
139.67,21
139.68,20
139.7,22
139.71,22
139.72,21
139.73,20
139.75,21
139.76,21
139.77,21
139.78,21
139.8,21
139.81,22
139.82,21
139.83,21
139.85,21
139.86,23
139.87,17
253.16,16
253.18,17
253.19,16
253.2,18
253.21,16
253.23,16
253.24,17
253.25,16
253.26,16
253.28,16
253.29,16
253.3,17
253.31,16
253.33,16
253.34,16
253.35,16
253.36,17
253.38,17
253.39,16
253.4,16
253.41,16
253.43,17
253.44,18
253.45,16
253.46,16
253.48,16
253.49,17
253.5,16
253.51,16
253.53,16
253.54,16
253.55,18
253.56,17
253.58,17
253.59,16
253.6,18
253.61,16
253.63,16
253.64,17
253.65,17
253.66,18
253.68,16
253.69,16
253.7,17
253.71,16
253.73,17
253.74,16
253.75,16
253.76,17
253.78,17
253.79,16
253.8,16
253.81,16
253.83,17
253.84,18
253.85,16
253.86,16
253.88,16
253.89,17
253.9,18
253.91,16
253.93,16
253.94,16
253.95,16
253.96,17
253.98,16
253.99,16
254.0,16
254.01,16
254.03,18
254.04,16
254.05,16
254.06,16
254.08,16
254.09,18
254.1,17
254.11,17
254.13,16
254.14,17
254.15,16
254.16,17
254.18,16
254.19,17
254.2,17
254.21,17
254.22,16
254.24,17
254.25,16
254.26,17
254.27,16
254.29,16
254.3,16
254.31,16
254.32,16
254.34,17
254.35,16
254.36,17
254.37,16
254.39,16
254.4,17
254.41,16
254.42,16
254.44,17
254.45,17
254.46,17
254.47,16
254.49,16
254.5,16
254.51,17
254.52,18
254.54,16
254.55,16
254.56,16
254.57,17
254.59,16
254.6,16
254.61,16
254.62,17
254.64,18
254.65,17
254.66,16
254.67,16
254.69,16
254.7,17
254.71,16
254.72,16
254.74,17
254.75,17
254.76,16
254.77,16
254.79,16
254.8,17
254.81,17
254.82,16
254.84,16
254.85,17
254.86,18
254.87,16
254.89,16
254.9,16
254.91,18
254.92,17
254.94,17
254.95,16
254.96,16
254.97,18
254.99,17
255.0,17
255.01,16
255.02,16
255.04,17
255.05,17
255.06,17
255.07,16
255.09,16
255.1,17
255.11,16
255.12,16
255.14,16
255.15,16
255.16,18
255.17,17
255.19,17
255.2,16
255.21,16
255.22,16
255.24,17
255.25,17
255.26,16
255.27,18
255.29,22
255.3,21
255.31,21
255.32,21
255.34,21
255.35,22
255.36,23
255.37,22
255.39,22
255.4,22
255.41,21
255.42,22
255.44,21
255.45,21
255.46,21
255.47,21
255.49,21
255.5,20
255.51,21
255.52,21
255.54,21
255.55,21
255.56,20
255.57,21
255.59,20
255.6,21
255.61,21
255.62,21
255.64,21
255.65,20
255.66,20
255.67,21
255.69,21
255.7,21
255.71,21
255.72,22
255.74,21
255.75,21
255.76,21
255.77,21
255.78,22
255.8,22
255.81,22
255.82,23
255.83,22
255.85,21
255.86,21
255.87,21
255.88,21
255.9,20
255.91,21
255.92,21
255.93,21
255.95,20
255.96,21
255.97,22
255.98,22
256.0,22
256.01,22
256.02,22
256.03,21
256.05,21
256.06,21
256.07,21
256.08,21
256.1,22
256.11,22
256.12,22
256.13,21
256.15,21
256.16,21
256.17,20
256.18,21
256.2,21
256.21,21
256.22,22
256.23,22
256.25,21
256.26,21
256.27,20
256.28,21
256.3,21
256.31,23
256.32,22
256.33,22
256.35,21
256.36,21
256.37,21
256.38,22
256.4,22
256.41,22
256.42,21
256.43,21
256.45,21
256.46,21
256.47,22
256.48,23
256.5,22
256.51,21
256.52,21
256.53,21
256.55,21
256.56,21
256.57,23
256.58,22
256.6,22
256.61,20
256.62,20
256.63,21
256.65,21
256.66,21
256.67,22
256.68,22
256.7,21
256.71,21
256.72,21
256.73,21
256.75,22
256.76,22
256.77,21
256.78,20
256.8,20
256.81,21
256.82,22
256.83,22
256.85,22
256.86,21
256.87,21
256.88,20
256.9,22
256.91,22
256.92,22
256.93,22
256.95,22
256.96,21
256.97,20
256.98,21
257.0,21
257.01,22
257.02,22
257.03,21
257.05,20
257.06,21
257.07,21
257.08,22
257.1,22
257.11,21
257.12,21
257.13,21
257.15,21
257.16,22
257.17,22
257.18,21
257.2,20
257.21,20
257.22,21
257.23,22
257.25,21
257.26,21
257.27,21
257.28,21
257.3,20
257.31,22
257.32,21
257.33,21
257.34,20
257.36,21
257.37,22
257.38,22
257.39,22
257.41,21
257.42,20
257.43,21
257.44,22
257.46,22
257.47,20
257.48,20
257.49,21
257.51,22
257.52,22
257.53,21
257.54,21
257.56,20
257.57,22
257.58,22
257.59,22
257.61,20
257.62,21
257.63,21
257.64,22
257.66,21
257.67,21
257.68,21
257.69,20
257.71,22
257.72,22
257.73,21
257.74,20
257.76,21
257.77,22
257.78,21
257.79,20
257.81,21
257.82,21
257.83,22
257.84,21
257.86,21
257.87,20
257.88,20
257.89,21
257.91,22
257.92,21
257.93,21
257.94,21
257.96,21
257.97,23
257.98,21
257.99,21
258.01,20
258.02,21
258.03,22
258.04,22
258.06,21
258.07,21
258.08,21
258.09,21
258.11,22
258.12,21
258.13,21
258.14,20
258.16,21
258.17,22
258.18,21
258.19,21
258.21,21
258.22,20
258.23,22
258.24,21
258.26,21
258.27,20
258.28,21
258.29,22
258.31,22
258.32,21
258.33,21
258.34,21
258.36,21
258.37,22
258.38,21
258.39,21
258.41,20
258.42,21
258.43,21
258.44,21
258.46,20
258.47,21
258.48,21
258.49,21
258.51,21
258.52,20
258.53,21
258.54,21
258.56,23
258.57,20
258.58,21
258.59,21
258.61,22
258.62,22
258.63,20
258.64,21
258.66,21
258.67,22
258.68,21
258.69,20
258.71,21
258.72,22
258.73,22
258.74,20
258.76,20
258.77,22
258.78,22
258.79,21
258.81,21
258.82,21
258.83,21
258.84,21
258.86,21
258.87,21
258.88,20
258.89,22
258.9,21
258.92,20
258.93,20
258.94,21
258.95,22
258.97,21
258.98,21
258.99,20
259.0,17
274.09,17
274.11,16
274.12,17
274.13,16
274.14,17
274.16,17
274.17,16
274.18,17
274.19,16
274.21,16
274.22,17
274.23,17
274.24,16
274.26,17
274.27,17
274.28,17
274.29,17
274.31,17
274.32,17
274.33,17
274.34,16
274.36,17
274.37,16
274.38,17
274.39,18
274.41,17
274.42,16
274.43,16
274.44,16
274.46,18
274.47,17
274.48,16
274.49,17
274.5,16
274.52,18
274.53,17
274.54,16
274.55,17
274.57,17
274.58,17
274.59,17
274.6,16
274.62,16
274.63,17
274.64,17
274.65,17
274.67,16
274.68,17
274.69,17
274.7,16
274.72,17
274.73,18
274.74,16
274.75,16
274.77,16
274.78,17
274.79,18
274.8,17
274.82,16
274.83,16
274.84,17
274.85,17
274.87,16
274.88,16
274.89,17
274.9,16
274.92,16
274.93,17
274.94,17
274.95,16
274.97,16
274.98,16
274.99,17
275.0,18
275.02,16
275.03,16
275.04,16
275.05,17
275.07,18
275.08,17
275.09,16
275.1,16
275.12,16
275.13,18
275.14,16
275.15,16
275.17,16
275.18,16
275.19,17
275.2,18
275.22,16
275.23,16
275.24,16
275.25,16
275.27,18
275.28,16
275.29,18
275.3,20
275.32,21
275.33,23
275.34,22
275.35,22
275.37,21
275.38,21
275.39,21
275.4,20
275.42,21
275.43,21
275.44,22
275.45,22
275.47,22
275.48,22
275.49,23
275.5,22
275.52,21
275.53,21
275.54,21
275.55,21
275.57,20
275.58,20
275.59,21
275.6,21
275.62,21
275.63,21
275.64,21
275.65,21
275.67,21
275.68,21
275.69,21
275.7,21
275.72,21
275.73,20
275.74,21
275.75,20
275.77,20
275.78,20
275.79,21
275.8,21
275.82,21
275.83,20
275.84,21
275.85,21
275.87,20
275.88,22
275.89,22
275.9,22
275.92,21
275.93,21
275.94,23
275.95,22
275.97,22
275.98,21
275.99,21
276.0,21
276.02,21
276.03,21
276.04,21
276.05,21
276.06,20
276.08,21
276.09,22
276.1,22
276.11,22
276.13,22
276.14,21
276.15,21
276.16,21
276.18,21
276.19,21
276.2,20
276.21,21
276.23,21
276.24,21
276.25,21
276.26,21
276.28,22
276.29,22
276.3,22
276.31,22
276.33,21
276.34,20
276.35,21
276.36,21
276.38,21
276.39,20
276.4,21
276.41,22
276.43,22
276.44,22
276.45,21
276.46,21
276.48,20
276.49,21
276.5,21
276.51,21
276.53,21
276.54,22
276.55,22
276.56,22
276.58,21
276.59,21
276.6,21
276.61,20
276.63,21
276.64,21
276.65,22
276.66,22
276.68,21
276.69,21
276.7,21
276.71,21
276.73,21
276.74,22
276.75,21
276.76,21
276.78,20
276.79,21
276.8,21
276.81,22
276.83,22
276.84,22
276.85,21
276.86,21
276.88,21
276.89,20
276.9,21
276.91,22
276.93,22
276.94,21
276.95,21
276.96,21
276.98,21
276.99,20
277.0,20
277.01,22
277.03,22
277.04,22
277.05,21
277.06,21
277.08,20
277.09,21
277.1,21
277.11,21
277.13,22
277.14,21
277.15,21
277.16,20
277.18,20
277.19,22
277.2,22
277.21,21
277.23,20
277.24,21
277.25,22
277.26,21
277.28,22
277.29,21
277.3,21
277.31,20
277.33,22
277.34,22
277.35,21
277.36,20
277.38,21
277.39,21
277.4,22
277.41,22
277.43,21
277.44,20
277.45,20
277.46,22
277.48,21
277.49,20
277.5,21
277.51,21
277.53,21
277.54,22
277.55,22
277.56,21
277.58,20
277.59,20
277.6,21
277.61,22
277.62,21
277.64,21
277.65,21
277.66,21
277.67,23
277.69,22
277.7,21
277.71,20
277.72,21
277.74,22
277.75,21
277.76,21
277.77,21
277.79,20
277.8,21
277.81,22
277.82,21
277.84,21
277.85,20
277.86,22
277.87,22
277.89,21
277.9,20
277.91,21
277.92,22
277.94,21
277.95,21
277.96,21
277.97,20
277.99,21
278.0,22
278.01,20
278.02,20
278.04,21
278.05,22
278.06,22
278.07,21
278.09,21
278.1,21
278.11,21
278.12,22
278.14,21
278.15,20
278.16,20
278.17,21
278.19,22
278.2,22
278.21,21
278.22,21
278.24,21
278.25,22
278.26,22
278.27,21
278.29,20
278.3,20
278.31,22
278.32,22
278.34,21
278.35,20
278.36,21
278.37,21
278.39,21
278.4,22
278.41,20
278.42,21
278.44,21
278.45,22
278.46,22
278.47,21
278.49,21
278.5,21
278.51,22
278.52,22
278.54,21
278.55,20
278.56,20
278.57,22
278.59,22
278.6,21
278.61,21
278.62,21
278.64,22
278.65,21
278.66,21
278.67,20
278.69,21
278.7,22
278.71,22
278.72,20
278.74,22
278.75,22
278.76,22
278.77,20
278.79,21
278.8,21
278.81,22
278.82,21
278.84,21
278.85,21
278.86,22
278.87,22
278.89,21
278.9,20
278.91,21
278.92,22
278.94,20
278.95,21
278.96,21
278.97,22
278.99,21
279.0,20
279.01,22
279.02,22
279.04,21
279.05,21
279.06,21
279.07,22
279.09,22
279.1,21
279.11,20
279.12,21
279.14,22
279.15,21
279.16,20
279.17,21
279.18,22
279.2,22
279.21,21
279.22,21
279.23,21
279.25,22
279.26,23
279.27,21
279.28,21
279.3,21
279.31,23
279.32,22
279.33,21
279.35,22
279.36,22
279.37,22
279.38,21
279.4,21
279.41,21
279.42,22
279.43,22
279.45,21
279.46,20
279.47,21
279.48,22
279.5,21
279.51,20
279.52,21
279.53,22
279.55,22
279.56,22
279.57,21
279.58,20
279.6,22
279.61,22
279.62,21
279.63,20
279.65,21
279.66,22
279.67,21
279.68,21
279.7,17
27284.13,16
284.14,17
284.15,16
284.16,17
284.18,17
284.19,16
284.2,16
284.21,17
284.23,17
284.24,17
284.25,16
284.26,16
284.28,17
284.29,17
284.3,17
284.31,17
284.33,16
284.34,17
284.35,17
284.36,17
284.38,16
284.39,16
284.4,17
284.41,17
284.43,16
284.44,17
284.45,17
284.46,17
284.48,17
284.49,16
284.5,17
284.51,17
284.53,17
284.54,16
284.55,16
284.56,16
284.58,17
284.59,17
284.6,16
284.61,16
284.63,16
284.64,17
284.65,18
284.66,16
284.68,16
284.69,16
284.7,17
284.71,18
284.73,16
284.74,16
284.75,16
284.76,16
284.78,18
284.79,18
284.8,16
284.81,16
284.83,16
284.84,17
284.85,17
284.86,16
284.88,16
284.89,16
284.9,17
284.91,16
284.93,16
284.94,16
284.95,16
284.96,18
284.98,17
284.99,17
285.0,16
285.01,17
285.03,17
285.04,16
285.05,17
285.06,17
285.08,16
285.09,16
285.1,16
285.11,17
285.13,18
285.14,16
285.15,16
285.16,16
285.18,16
285.19,18
285.2,17
285.21,16
285.23,16
285.24,16
285.25,17
285.26,17
285.28,16
285.29,16
285.3,20
285.31,23
285.33,22
285.34,22
285.35,21
285.36,20
285.38,21
285.39,21
285.4,21
285.41,21
285.42,21
285.44,22
285.45,22
285.46,21
285.47,21
285.49,23
285.5,23
285.51,22
285.52,22
285.54,22
285.55,24
285.56,22
285.57,22
285.59,22
285.6,22
285.61,22
285.62,22
285.64,22
285.65,22
285.66,22
285.67,23
285.69,23
285.7,22
285.71,22
285.72,22
285.74,22
285.75,22
285.76,22
285.77,21
285.79,21
285.8,20
285.81,21
285.82,20
285.84,21
285.85,21
285.86,21
285.87,22
285.89,22
285.9,22
285.91,22
285.92,22
285.94,22
285.95,22
285.96,21
285.97,21
285.99,21
286.0,20
286.01,20
286.02,21
286.04,21
286.05,21
286.06,21
286.07,23
286.09,23
286.1,22
286.11,22
286.12,21
286.14,21
286.15,21
286.16,21
286.17,21
286.19,21
286.2,20
286.21,20
286.22,22
286.24,21
286.25,22
286.26,23
286.27,22
286.29,22
286.3,21
286.31,21
286.32,21
286.34,21
286.35,21
286.36,22
286.37,22
286.39,22
286.4,21
286.41,21
286.42,21
286.44,20
286.45,21
286.46,22
286.47,22
286.49,21
286.5,21
286.51,21
286.52,20
286.54,21
286.55,21
286.56,22
286.57,22
286.59,21
286.6,20
286.61,21
286.62,21
286.64,21
286.65,23
286.66,21
286.67,21
286.69,21
286.7,21
286.71,21
286.72,23
286.74,21
286.75,21
286.76,20
286.77,21
286.79,22
286.8,22
286.81,22
286.82,21
286.84,21
286.85,20
286.86,21
286.87,22
286.89,22
286.9,22
286.91,21
286.92,20
286.94,20
286.95,21
286.96,22
286.97,22
286.98,21
287.0,21
287.01,21
287.02,21
287.03,21
287.05,21
287.06,22
287.07,21
287.08,20
287.1,21
287.11,21
287.12,22
287.13,21
287.15,21
287.16,20
287.17,20
287.18,21
287.2,22
287.21,22
287.22,20
287.23,21
287.25,21
287.26,22
287.27,22
287.28,21
287.3,21
287.31,21
287.32,23
287.33,21
287.35,21
287.36,20
287.37,21
287.38,22
287.4,21
287.41,21
287.42,21
287.43,20
287.45,21
287.46,22
287.47,21
287.48,21
287.5,20
287.51,22
287.52,22
287.53,21
287.55,21
287.56,21
287.57,21
287.58,21
287.6,22
287.61,21
287.62,20
287.63,20
287.65,21
287.66,22
287.67,21
287.68,21
287.7,20
287.71,21
287.72,22
287.73,21
287.75,21
287.76,20
287.77,21
287.78,22
287.8,21
287.81,20
287.82,21
287.83,22
287.85,22
287.86,21
287.87,21
287.88,21
287.9,22
287.91,22
287.92,20
287.93,20
287.95,21
287.96,23
287.97,21
287.98,20
288.0,21
288.01,22
288.02,21
288.03,20
288.05,21
